time,thrust
0.0,1.7597319587628864
0.01,1.860865979381443
0.02,1.8406391752577316
0.03,1.8810927835051547
0.04,1.6585979381443297
0.05,2.1844948453608244
0.06,2.022680412371134
0.07,2.0631340206185564
0.08,2.1844948453608244
0.09,2.0631340206185564
0.1,2.26540206185567
0.11,2.326082474226804
0.12,2.3665360824742265
0.13,2.447443298969072
0.14,2.447443298969072
0.15,2.56880412371134
0.16,2.7710721649484533
0.17,2.9126597938144325
0.18,2.9126597938144325
0.19,3.034020618556701
0.2,3.17560824742268
0.21,3.17560824742268
0.22,3.3981030927835048
0.23,3.5194639175257727
0.24,3.8633195876288657
0.25,4.368989690721649
0.26,4.793752577319587
0.27,5.582597938144329
0.28,6.027587628865978
0.29,6.553484536082474
0.3,7.403010309278351
0.31,8.31321649484536
0.32,9.567278350515462
0.33,10.356123711340205
0.34,10.922474226804123
0.35000000000000003,11.104515463917524
0.36,11.34723711340206
0.37,10.902247422680412
0.38,11.165195876288658
0.39,11.670865979381443
0.4,12.196762886597938
0.41000000000000003,12.884474226804123
0.42,14.017175257731958
0.43,15.71622680412371
0.44,16.950061855670103
0.45,18.9120618556701
0.46,22.107896907216492
0.47200000000000003,26.840969072164945
0.482,30.886329896907213
0.492,36.064391752577315
0.502,43.5280824742268
0.512,48.90841237113401
0.522,55.17872164948454
0.532,62.46037113402062
0.542,69.53975257731959
0.552,73.48397938144329
0.562,74.83917525773195
0.5720000000000001,75.78983505154639
0.582,76.19437113402061
0.592,76.92253608247421
0.602,77.32707216494845
0.612,79.43065979381443
0.622,80.9881237113402
0.632,82.70740206185567
0.642,88.02705154639175
0.652,92.23422680412371
0.662,95.36938144329896
0.672,100.74971134020618
0.682,107.86954639175256
0.6920000000000001,114.76688659793814
0.7020000000000001,121.62377319587628
0.712,129.16837113402062
0.722,136.51070103092783
0.732,141.6887628865979
0.742,151.23581443298968
0.752,160.15583505154638
0.762,161.12672164948452
0.772,170.83558762886597
0.782,171.84692783505153
0.792,177.18680412371134
0.802,181.61647422680412
0.812,183.88187628865978
0.8220000000000001,187.48224742268042
0.8320000000000001,191.54783505154637
0.842,193.327793814433
0.852,199.73969072164948
0.862,203.137793814433
0.872,203.3602886597938
0.882,212.42189690721648
0.892,203.9468659793814
0.902,216.50771134020616
0.912,218.3281237113402
0.922,216.83134020618556
0.932,225.75136082474228
0.9420000000000001,231.25305154639176
0.9520000000000001,233.6600412371134
0.962,231.88008247422675
0.972,237.92789690721645
0.982,238.5549278350515
0.992,249.96284536082473
1.002,248.122206185567
1.012,245.9983917525773
1.022,254.63523711340207
1.032,253.64412371134017
1.042,254.008206185567
1.052,265.0924948453608
1.062,262.2809690721649
1.072,276.1565567010309
1.082,260.27851546391753
1.092,270.67509278350514
1.102,278.2803711340206
1.112,272.15164948453605
1.122,273.0011752577319
1.1320000000000001,279.7367010309278
1.1420000000000001,281.3143917525773
1.1520000000000001,282.7707216494845
1.162,293.73364948453604
1.172,284.3888659793814
1.182,292.7425360824742
1.192,297.8801443298969
1.202,299.80169072164944
1.212,289.7489690721649
1.222,295.8170103092783
1.232,292.054824742268
1.242,284.46977319587626
1.252,290.4569072164948
1.262,289.62760824742264
1.272,291.8323298969072
1.282,292.47958762886594
1.292,291.3468865979381
1.302,292.66162886597937
1.312,299.53874226804123
1.322,291.8525567010309
1.332,296.68676288659793
1.342,301.6423298969072
1.352,300.79280412371133
1.362,307.08334020618554
1.372,300.63098969072166
1.3820000000000001,311.5736907216494
1.3920000000000001,306.5372164948453
1.4020000000000001,317.8237731958763
1.412,314.40544329896903
1.422,297.3542474226804
1.432,311.97822680412366
1.442,310.1982680412371
1.452,312.76707216494844
1.462,310.92643298969074
1.5190000000000001,325.4897319587629
1.5290000000000001,327.63377319587624
1.539,323.9929484536082
1.549,325.2874639175257
1.559,326.82470103092777
1.569,334.9356494845361
1.579,333.66136082474225
1.589,329.3530515463917
1.599,329.1710103092783
1.609,334.71315463917523
1.619,340.27552577319585
1.629,340.7002886597938
1.639,339.9721237113402
1.649,345.39290721649485
1.659,341.8532164948453
1.669,343.0870515463917
1.679,344.84678350515463
1.689,355.26358762886593
1.699,359.91575257731955
1.709,351.8452577319587
1.719,358.2167010309278
1.729,364.0824742268041
1.739,366.28719587628865
1.749,375.57129896907213
1.7590000000000001,369.907793814433
1.7690000000000001,376.279237113402
1.7790000000000001,374.458824742268
1.7890000000000001,388.0310103092783
1.799,385.98810309278343
1.809,386.1903711340206
1.819,384.9565360824742
1.829,392.94612371134014
1.839,396.0003711340206
1.849,393.6945154639175
1.859,397.7398762886598
1.869,399.58051546391744
1.879,403.2415670103092
1.889,404.6169896907216
1.899,403.60564948453606
1.909,400.63230927835053
1.919,409.9770927835051
1.929,407.38806185567006
1.939,405.1428865979381
1.949,406.8014845360824
1.959,406.1744536082474
1.969,405.18334020618556
1.979,406.84193814432984
1.989,414.5483505154639
1.999,417.1576082474226
2.009,414.6292577319587
2.019,415.60014432989686
2.029,414.04268041237117
2.039,412.32340206185563
2.049,409.8961855670103
2.059,406.275587628866
2.069,410.6243505154639
2.079,418.1689484536082
2.089,414.265175257732
2.099,415.4181030927835
2.109,418.6543917525773
2.119,410.4827628865979
2.129,408.09599999999995
2.1390000000000002,407.59032989690724
2.149,413.2133814432989
2.1590000000000003,418.95779381443293
2.169,418.3509896907216
2.179,414.5685773195876
2.189,405.9519587628866
2.199,404.1315463917526
2.209,411.0288865979381
2.219,411.5750103092783
2.229,413.0313402061855
2.239,406.55876288659795
2.249,404.3540412371134
2.259,405.26424742268034
2.269,403.888824742268
2.279,408.03531958762886
2.289,400.0861855670103
2.299,403.0190721649484
2.309,404.0506391752577
2.319,403.8281443298969
2.329,403.2415670103092
2.339,406.3362680412371
2.349,403.38315463917525
2.359,407.1048865979381
2.369,406.6598969072165
2.379,401.6031958762886
2.3890000000000002,400.55140206185564
2.399,400.248
2.4090000000000003,400.12663917525765
2.419,396.951030927835
2.4290000000000003,407.87350515463913
2.439,407.16556701030925
2.449,401.50206185567004
2.459,404.8192577319587
2.469,406.3160412371133
2.479,407.69146391752577
2.489,406.6801237113402
2.499,405.6485567010309
2.509,401.7650103092783
2.521,399.5602886597938
2.531,397.59828865979375
2.541,397.3353402061855
2.551,396.12173195876284
2.561,391.87410309278346
2.571,391.4695670103093
2.581,390.64026804123705
2.591,390.3166391752577
2.601,387.3432989690721
2.611,394.13950515463915
2.621,396.54649484536077
2.6310000000000002,395.93969072164947
2.641,390.37731958762885
2.6510000000000002,390.92344329896906
2.661,391.51002061855667
2.6710000000000003,389.7907422680412
2.681,394.5440412371134
2.691,393.22929896907215
2.701,391.08525773195873
2.711,394.2406391752577
2.721,391.38865979381444
2.731,391.4695670103093
2.741,390.92344329896906
2.751,392.94612371134014
2.761,395.130618556701
2.771,398.73098969072163
2.781,394.2406391752577
2.791,394.5642680412371
2.801,390.9032164948453
2.811,389.0625773195876
2.821,385.7453814432989
2.831,386.9185360824742
2.841,382.00342268041237
2.851,380.58754639175254
2.861,386.8983092783505
2.871,389.83119587628863
2.8810000000000002,387.88942268041234
2.891,393.1483917525773
2.9010000000000002,388.6782680412371
2.911,391.32797938144324
2.9210000000000003,387.3432989690721
2.931,385.82628865979376
2.9410000000000003,386.6960412371134
2.951,385.11835051546393
2.961,380.3650515463917
2.971,382.9540824742268
2.981,389.0625773195876
2.991,383.66202061855665
3.001,382.38773195876286
3.011,382.9945360824742
3.021,382.04387628865976
3.031,373.26544329896905
3.041,374.2565567010309
3.051,372.5170515463917
3.061,368.5323711340206
3.071,372.78
3.081,373.8722474226804
3.091,373.12385567010307
3.101,374.82290721649485
3.111,379.33348453608244
3.121,376.8860412371134
3.1310000000000002,376.2590103092783
3.141,369.766206185567
3.1510000000000002,368.02670103092777
3.161,369.5437113402062
3.1710000000000003,369.6448453608247
3.181,371.08094845360824
3.1910000000000003,367.8446597938144
3.201,369.15940206185564
3.211,367.90534020618554
3.221,366.52991752577316
3.231,362.2822886597938
3.241,363.23294845360823
3.251,362.4643298969072
3.261,362.6059175257732
3.271,360.48210309278346
3.281,364.89154639175257
3.291,358.2369278350515
3.301,359.04599999999994
3.311,356.9019587628866
3.321,351.23845360824737
3.331,350.5709690721649
3.341,343.0465979381443
3.351,340.0125773195876
3.361,340.0934845360824
3.371,344.543381443299
3.3810000000000002,348.8719175257732
3.391,343.5320412371134
3.4010000000000002,342.09593814432986
3.411,337.2415051546391
3.4210000000000003,333.07478350515464
3.431,328.96874226804124
3.4410000000000003,328.2001237113402
3.451,327.4517319587628
3.461,326.82470103092777
3.471,328.0585360824742
3.481,334.6322474226804
3.491,334.4097525773195
3.501,330.8296082474227
3.511,327.370824742268
3.524,320.8375670103093
3.5340000000000003,321.9298144329897
3.544,314.4458969072165
3.5540000000000003,318.2485360824742
3.564,313.7581855670103
3.5740000000000003,309.26783505154634
3.584,312.09958762886595
3.594,311.95799999999997
3.604,308.4587628865979
3.614,312.40298969072165
3.624,315.6999587628866
3.634,314.6683917525773
3.644,310.3803092783505
3.654,303.44251546391746
3.664,303.07843298969067
3.674,300.0646391752577
3.684,296.1810927835051
3.694,294.96748453608245
3.704,293.02571134020616
3.714,288.2926391752577
3.724,296.1810927835051
3.734,294.6034020618556
3.744,289.5871546391752
3.754,288.67694845360825
3.7640000000000002,289.7894226804124
3.774,285.9261030927835
3.7840000000000003,286.43177319587625
3.794,283.35729896907213
3.8040000000000003,281.57734020618557
3.814,277.0263092783505
3.8240000000000003,276.64199999999994
3.834,270.33123711340204
3.844,269.42103092783503
3.854,265.73975257731956
3.864,264.5261443298969
3.874,255.56567010309277
3.884,253.96775257731954
3.894,254.02843298969069
3.904,249.0930927835051
3.914,242.72164948453604
3.924,242.47892783505154
3.934,241.87212371134018
3.944,245.10841237113402
3.954,239.99103092783506
3.964,236.97723711340205
3.974,229.65513402061853
3.984,223.80958762886598
3.994,222.8184742268041
4.0040000000000004,221.3823711340206
4.014,219.0158350515464
4.024,222.5150721649484
4.034,222.59597938144327
4.0440000000000005,221.05874226804121
4.054,219.0158350515464
4.064,212.11849484536083
4.074,210.09581443298967
4.0840000000000005,206.920206185567
4.094,203.5221030927835
4.104,198.56653608247422
4.114,196.38204123711338
4.124,195.97750515463915
4.134,194.35936082474225
4.144,196.64498969072164
4.154,194.74367010309277
4.164,191.2848865979381
4.174,188.27109278350514
4.184,184.06391752577318
4.194,180.01855670103092
4.204,179.49265979381443
4.214,178.5622268041237
4.224,175.20457731958763
4.234,173.62688659793815
4.244,172.39305154639172
4.2540000000000004,170.45127835051545
4.264,166.2441030927835
4.274,158.96245360824742
4.284,157.1622680412371
4.2940000000000005,157.74884536082473
4.304,154.24960824742266
4.314,150.16379381443298
4.324,152.0246597938144
4.3340000000000005,151.21558762886596
4.344,151.13468041237113
4.354,145.97684536082474
4.364,145.046412371134
4.374,138.47270103092782
4.384,135.25663917525773
4.394,132.5664742268041
4.404,131.35286597938142
4.414,127.22659793814432
4.424,124.47575257731958
4.434,125.32527835051545
4.444,123.32282474226804
4.454,120.67311340206184
4.464,116.32435051546392
4.474,116.10185567010308
4.484,115.19164948453607
4.494,113.22964948453607
4.5040000000000004,108.961793814433
4.514,108.09204123711339
4.526,104.61303092783504
4.5360000000000005,103.6219175257732
4.546,102.46898969072163
4.556,101.6801443298969
4.566,100.36540206185566
4.5760000000000005,100.12268041237112
4.586,98.14045360824741
4.596,98.52476288659794
4.606,93.26579381443298
4.616,83.01080412371134
4.626,79.36997938144329
4.636,78.43954639175257
4.646,81.35220618556701
4.656,45.18668041237113
4.666,31.412226804123712
4.676,72.35127835051546
4.686,48.62523711340206
4.696,70.4499587628866
4.706,59.790432989690714
4.716,62.521051546391746
4.726,57.646391752577316
4.736,60.073608247422676
4.746,57.40367010309278
4.756,57.949793814432994
4.766,55.3000824742268
4.776,54.066247422680405
4.7860000000000005,52.711051546391744
4.796,50.68837113402062
4.806,48.48364948453608
4.816,48.18024742268041
4.8260000000000005,46.05643298969072
4.836,45.51030927835051
4.846,44.2360206185567
4.856,41.748123711340206
4.866,40.696329896907216
4.876,37.74321649484536
4.886,37.48026804123711
4.896,35.538494845360816
4.906,34.6080618556701
4.916,32.74719587628866
4.926,31.675175257731958
4.936,29.976123711340204
4.946,28.05457731958763
4.956,27.14437113402062
4.966,25.546453608247422
4.976,24.009216494845358
4.986,22.18880412371134
4.996,20.99542268041237
5.006,19.47841237113402
5.016,18.082762886597937
5.026,16.74779381443299
5.0360000000000005,15.291463917525771
5.046,13.996948453608246
5.056,12.621525773195875
5.066,11.32701030927835
5.0760000000000005,9.911134020618556
5.086,8.636845360824742
5.096,7.301876288659794
5.106,6.068041237113402
5.1160000000000005,5.076927835051546
5.126,4.106041237113401
5.136,3.276742268041237
5.146,2.6699381443298966
5.156,2.1238144329896906
5.166,1.9013195876288658
5.176,1.597917525773196
5.186,1.4158762886597938
5.196,1.3349690721649483
5.206,1.2136082474226804
5.216,1.132701030927835
5.226,1.0922474226804122
5.236,0.9708865979381442
5.246,0.8495257731958762
